iteration,trn_loss,lr,val_loss,val_acc
1,1.5266995429992676,0.00010080000000000001,1.4722086930274962,0.4525
1000,1.4698028564453125,0.0004992,1.4347333741188049,0.4747
2000,1.2736927270889282,0.00010080000000000001,1.4258448338508607,0.4831
3000,1.539509892463684,0.0002996,1.4298111557960511,0.4751
4000,1.4489673376083374,0.0001004,1.4181612527370453,0.4881
5000,1.4453957080841064,0.0001998,1.425524938106537,0.4793
6000,1.3834052085876465,0.00010020000000000001,1.4198204016685485,0.4832
